INE_ID,name,party
101,Nelson Manuel Nunes Leal,PCP-PEV
101,Maria Paula da Graça Cardoso,PPD/PSD.CDS-PP
101,Gil Nadais Resende da Fonseca,PS
102,Rui Manuel Pinto Chagas Câncio Ferreira,B.E.
102,António Augusto Amaral Loureiro e Santos,CDS-PP
102,Bruno Miguel Alves Bento,PCP-PEV
102,José Licínio Tavares Pimenta,PPD/PSD
102,Elísio Apolinário Simões da Silva,PS
103,João Tiago Castelo Branco Charuca de Azevedo,CDS-PP
103,Maria Teresa Belém Correia Cardoso,III
103,Maria de Fátima Gomes Martins da Costa Henriques Flores,PCP-PEV
103,José Manuel Ferreira Nunes Ribeiro,PPD/PSD
103,Lino Jorge Cerveira Pintado,PS
104,Adriano de Jesus Brandão,CDS-PP
104,Francisco Manuel da Cunha Gonçalves,PCP-PEV
104,José Luís Alves da Silva,PPD/PSD
104,José Artur Tavares Neves,PS
105,Nelson Ricardo Esteves Peralta,B.E.
105,Élio Manuel Delgado da Maia,IX
105,Miguel Lopes Batista Viegas,PCP-PEV
105,Luís Fernando Ferreira Monteiro Rebocho,PCTP/MRPP
105,Vitor Manuel Duarte Ferreira Ramalho,PNR
105,José Agostinho Ribau Esteves,PPD/PSD.CDS-PP.PPM
105,Eduardo Elísio Silva Peralta Feio,PS
106,Abílio Augusto Carrazedo Guerra,B.E.
106,Paulo Fernando Nogueira Martel da Silva,CDS-PP
106,Manuel da Rocha Vieira,PCP-PEV
106,Norberto dos Santos Rodrigues Moreira,PPD/PSD
106,Gonçalo Fernando da Rocha de Jesus,PS
107,António Manuel de Sousa Andrade,B.E.
107,Diogo Silva Pardilhó Duarte de Campos,CDS-PP
107,Fausto Manuel da Silva Neves,PCP-PEV
107,Joaquim José Pinto Moreira,PPD/PSD
107,José Barbosa da Mota,PS
108,José Artur Pereira de Pinho,I
108,Américo Rodrigues Soares,PCP-PEV
108,Diamantino Manuel Sabina,PPD/PSD.CDS-PP
108,Fernando Manuel Mendonça Albergaria Matos,PS
109,António Manuel Mendes Torres,B.E.
109,Manuel José Alferes Pereira,CDS-PP
109,Antero de Oliveira Resende,PCP-PEV
109,Emídio Ferreira dos Santos Sousa,PPD/PSD
109,Eduardo Marques dos Santos Cavaco,PS
110,Pedro Miguel de Pinho Tavares,B.E.
110,Armindo Valente Domingues Prina,CDS-PP
110,João da Cruz Coquim,PCP-PEV
110,Fernando Fidalgo Caçoilo,PPD/PSD
110,José Marinho Vaz,PS
111,Ricardo Sequeiros Coelho,B.E.
111,João Manuel Lima Louceiro,PCP-PEV
111,Gonçalo Nuno Vigária Santos Louzada,PPD/PSD.CDS-PP.MPT.PPM
111,Rui Manuel Leal Marqueiro,PS
112,Eduardo Nunes Marques,CDS-PP
112,Jorge Augusto Portela Vieira,PCP-PEV
112,Joaquim Manuel dos Santos Baptista,PPD/PSD
112,António Jorge Feio Bacelar Vilar,PS
113,Diogo André Silva Barbosa,B.E.
113,Miguel Angelo de Carvalho Santos Portela,CDS-PP
113,João Miguel Tavares Carmo,PCP-PEV
113,Hermínio José Sobral de Loureiro Gonçalves,PPD/PSD
113,Joaquim Jorge Ferreira,PS
114,Paulo Jorge Caiado Santos,CDS-PP
114,Artur Pereira Ramísio,PCP-PEV
114,Mário João Ferreira da Silva Oliveira,PPD/PSD
114,Manuel Ferreira Bôrras,PS
115,Pedro Miguel Moreira Rodrigues,B.E.
115,António Manuel França de Jesus,CDS-PP
115,Dinis de Pinho Silveira,PCP-PEV
115,Salvador Malheiro Ferreira da Silva,PPD/PSD
115,Vítor Manuel Gouveia Ferreira,PS
116,André Pereira de Oliveira,B.E.
116,Rogério Soares Leite da Silva,CDS-PP
116,Jorge Manuel dos Santos Lima,I
116,Rita Susana Bastos de Oliveira Mendes,PCP-PEV
116,Ricardo Nicolau Soares Terra de Oliveira Figueiredo,PPD/PSD
116,Luís Miguel dos Santos Ferreira,PS
117,Ercília Maria Marques da Silva Pedro,CDS-PP
117,Raul Nogueira Tavares,PCP-PEV
117,João Miguel Tavares Almeida,PPD/PSD
117,António José Martins Coutinho,PS
118,Maria do Céu Pereira Sarabando Marques,CDS-PP
118,Alexandre Claro Loff,PCP-PEV
118,Silvério Rodrigues Regalado,PPD/PSD
118,Mário dos Santos Martins Júnior,PS
119,José Alberto Freitas Soares Pinheiro e Silva,CDS-PP
119,José Agostinho Gaspar Ferreira,PCP-PEV
119,José António Bastos da Silva,PPD/PSD
119,Nelson da Silva Martins,PS
201,Manuel Francisco Colaço Camacho,PCP-PEV
201,António Miguel Delgado Revez Batista,PPD/PSD.CDS-PP
201,Nelson Domingos Brito,PS
202,Constantino Manuel Lemos Piçarra,B.E.
202,Joaquim Agostinho Lança Paulino,PCP-PEV
202,Ricardo António Monteiro Colaço,PPD/PSD
202,António Manuel Ascensão Mestre Bota,PS
202,João António Rodrigues Palma,VI
203,António João Feio Valério,PCP-PEV
203,Manuel Maria Feio Barroso,PPD/PSD.CDS-PP
203,Natália José Ferreira Caeiro,PS
204,António Pica Tereno,PCP-PEV
204,Fernando Manuel Fernandes Durão,PS
205,João Manuel Rocha da Silva,PCP-PEV
205,João Pedro Cabral Afonso Baião Caeiro,PPD/PSD.CDS-PP
205,Jorge Pulido Valente,PS
205,José António do Rosário Lopes Guerreiro,XVI
206,Francisco José Caldeira Duarte,PCP-PEV
206,Mário Mota Lopes,PPD/PSD.CDS-PP
206,António José Rosa de Brito,PS
207,João Manuel Casaca Português,PCP-PEV
207,Vasco Rosa da Silva Morais de Almeida,PPD/PSD.CDS-PP
207,Ana Raquel Ganhão das Dores Soudo,PS
208,João Luis Ferro do Rosário Fragoso,PCP-PEV
208,Jorge Ângelo Ramos dos Santos,PPD/PSD.CDS-PP
208,Aníbal Sousa Reis Coelho de Costa,PS
209,Miguel da Conceição Bento,PCP-PEV
209,Herlander Miguel Gonçalves Madeira Mira,PPD/PSD.CDS-PP
209,Jorge Paulo Colaço Rosa,PS
209,Alberto Manuel Raposo Fernandes,XI
210,Santiago Augusto Ferreira Macias,PCP-PEV
210,Carlos Augusto Garcias Valente,PPD/PSD.CDS-PP
210,Francisco Manuel Canudo Sena,PS
211,Ana Maria de Miranda Nazaré Loureiro,B.E.
211,Manuel da Silva Cruz,PCP-PEV
211,José Francisco de Sousa Prado dos Santos Silva,PPD/PSD.CDS-PP
211,José Alberto Candeias Guerreiro,PS
212,António Francisco Colaço,PCP-PEV
212,Sérgio Manuel Borges Dinis Marques Marçal,PPD/PSD.CDS-PP
212,Pedro Nuno Raposo Prazeres do Carmo,PS
213,Guida Maria de Jesus Ascensão,B.E.
213,Tomé Alexandre Martins Pires,PCP-PEV
213,José António Aboim Madeira,PPD/PSD
213,Noel Ricardo Esteves Farinho,PS
214,Manuel Luís da Rosa Narra,PCP-PEV
214,José Manuel Cruz Maldonado,PPD/PSD.CDS-PP
214,José Miguel Pires D'Almeida,PS
301,Sara Raquel Marques Ribeiro Leite do Vale,I
301,Luís Manuel Cerqueira Gomes Gonçalves,PCP-PEV
301,Isidro Gomes de Araújo,PPD/PSD.CDS-PP
301,Manuel da Rocha Moreira,PS
302,José Maria Barbosa Cardoso,B.E.
302,Mário Jorge Gomes de Figueiredo,PCP-PEV
302,Mário Rui Correia Senra,PCTP/MRPP
302,Domingos José da Silva Araújo,PPD/PSD.CDS-PP.PPM
302,Miguel Jorge da Costa Gomes,PS
302,Manuel Carlos da Costa Marinho,VI
303,Alberto Carlos Carvalho de Almeida,PCP-PEV
303,Luís Filipe Barata e Lima,PCTP/MRPP
303,Ricardo Bruno Antunes Machado Rio,PPD/PSD.CDS-PP.PPM
303,Vítor Manuel Amaral de Sousa,PS
303,Inês Beatriz Barbosa de Carvalho,V
304,Manuel da Silva Nogueira,PCP-PEV
304,Mário António Jesus Leite,PPD/PSD.CDS-PP
304,Serafim China Pereira,PS
304,Jorge Agostinho Borges Machado,XIII
305,Luis Manuel Dá Mesquita Castro Leal,CDS-PP
305,Luis Heitor da Silva Pires Marinho,PCP-PEV
305,Joaquim Monteiro da Mota e Silva,PPD/PSD
305,António Joaquim Gonçalves Bastos,PS
306,Berta Filipa Gonçalves Viana,CDS-PP
306,Manuel Fernando Loureiro de Almeida,PCP-PEV
306,António Benjamim da Costa Pereira,PPD/PSD
306,João Maria de Sousa Nunes da Silva,PS
307,Deolinda Manuela de Sá Nogueira,CDS-PP
307,Maria Leonor Pereira Oliveira Castro,PCP-PEV
307,Eugénio Fernando de Sá Cerqueira Marinho,PPD/PSD
307,Raul Jorge Fernandes da Cunha,PS
307,Parcidio Cabral de Almeida Summavielle,XVII
308,José Carlos Sampaio Fonseca,B.E.
308,José Manuel Torcato Ribeiro,PCP-PEV
308,João Manuel Valente Pinto,PCTP/MRPP
308,André Guimarães Coelho Lima,PPD/PSD.CDS-PP.MPT
308,Luís Filipe Botelho Ribeiro,PPM-PPV
308,Domingos Bragança Salgado,PS
309,Deolinda Maria Marques Queirós Pereira Ferreira,CDS-PP
309,Paulo Jorge Lopes da Silva,PCP-PEV
309,Manuel José Torcato Soares Baptista,PPD/PSD
309,Frederico de Oliveira Castro,PS
310,Paulo Alexandre Vieira e Sousa,MPT
310,António José Salgado Almeida,PCP-PEV
310,António José Ferreira Afonso,PPD/PSD.CDS-PP
310,Joaquim José Cracel Viana,PS
310,Luís Filipe Rodrigues Pires,VI
311,João Manuel Machado Oliveira,B.E.
311,José Luis Ribeiro Pereira,PCP-PEV
311,António Cardoso Barbosa,PPD/PSD.CDS-PP
311,Jorge Augusto Mangas Abreu Dantas,PS
312,José Luís da Silva Araújo,B.E.
312,José Miguel da Silva Lopes,PCP-PEV
312,Paulo Alexandre Matos Cunha,PPD/PSD.CDS-PP
312,Custódio Marques de Oliveira,PS
313,Daniel Cerqueira Oliveira,CDS-PP
313,Manuel Ferreira Carvalho,PCP-PEV
313,António Fernando Nogueira Cerqueira Vilela,PPD/PSD
313,Luís Filipe Oliveira da Silva,PS
314,Ana Bárbara Martins Pedrosa,B.E.
314,António Joaquim Pereira Veiga,PCP-PEV
314,Luis Miguel Soares Lopes Guimarães,PPD/PSD.CDS-PP
314,Dinis Manuel da Silva Costa,PS
401,Teresa do Carmo Bráz Rodrigues,PCP-PEV
401,Artur António Rabaçal Aragão,PPD/PSD.CDS-PP
401,Berta Ferreira Milheiro Nunes,PS
402,Gil Augusto Gonçalves,B.E.
402,Telmo Alexandre de Alge Cadavez,CDS-PP
402,José Manuel Correia dos Santos Ferreira de Castro,PCP-PEV
402,Hernâni Dinis Venâncio Dias,PPD/PSD
402,Júlio Meirinhos Santanas,PS
402,Humberto Francisco da Rocha,XIII
403,Fernando António Trindade dos Reis,CDS-PP
403,José Maria de Sousa Araújo,PCP-PEV
403,José Luís Correia,PPD/PSD
403,João Manuel Sampaio,PS
404,Nicolau de Jesús Manso,PCP-PEV
404,Maria do Céu Quintas,PPD/PSD
404,José Manuel Caldeira Santos,PS
405,Rui Jorge da Silva Costa,CDS-PP
405,Carlos Manuel Cunha Martins,PCP-PEV
405,Manuel Duarte Fernandes Moreno,PPD/PSD
405,Rui Manuel Rodrigues Vaz,PS
406,Júlio Augusto Pires Afonso,B.E.
406,Eduardo Luís Tiago de Beça Sanches da Gama,CDS-PP.MPT.PPM
406,Maria da Glória Gonçalves de Jesus,PCP-PEV
406,Francisco António São Pedro Granjo,PPD/PSD
406,Artur Manuel Rodrigues Nunes,PS
407,Fernando Manuel Bebiano,B.E.
407,Carlos Manuel Costa Pires,CDS-PP
407,Maria Eduarda Teixeira Neves Carvalho,PCP-PEV
407,António José Pires Almor Branco,PPD/PSD
407,José Manuel Correia de Morais,PS
408,Maria de Lurdes Gonçalves Marinho de Sousa,CDS-PP
408,Amândio Edmundo Carvalho Pereira,PCP-PEV
408,António Joaquim Pimentel,PPD/PSD
408,Francisco José Mateus Albuquerque Guimarães,PS
409,Carlos Octávio Varelas,PCP-PEV
409,Nuno Jorge Rodrigues Gonçalves,PPD/PSD.CDS-PP
409,José Manuel Aires,PS
410,Ana Margarida Gonçalves Correia,PCP-PEV
410,Fernando Filipe de Almeida,PPD/PSD.CDS-PP
410,Fernando Francisco Teixeira de Barros,PS
411,Luís Miguel Vaz Oliveira,PCP-PEV
411,António Jorge Fidalgo Martins,PPD/PSD
411,Amilcar Gonçalves Martins,PS
412,Duarte Manuel Diz Lopes,CDS-PP.PPD/PSD
412,Elisabete Augusta Jorge Pereirinha Rodrigues,PCP-PEV
412,Américo Jaime Afonso Pereira,PS
501,João Manuel Soares Gonçalves,CDS-PP
501,Jorge Manuel dos Santos Amaro,I
501,Marco Manuel Matos Melchior,PCP-PEV
501,António Dias Rocha,PS
502,Filipe Manuel da Silva Lourenço,B.E.
502,Ana Isabel Gardete Correia Camilo Martins,CDS-PP
502,João Pedro Martins Delgado,PCP-PEV
502,Paulo Alexandre Martins Moradias,PPD/PSD
502,Luís Manuel dos Santos Correia,PS
503,José Serra dos Reis,B.E.
503,Pedro Miguel dos Santos Farromba,I
503,José Joaquim Pinto de Almeida,PCP-PEV
503,Joaquim António Matias,PPD/PSD
503,Vitor Manuel Pinheiro Pereira,PS
504,Arminda Fortes Santos de Carvalho Tavares,CDS-PP
504,José Luís Cabaço Reis Oliveira,PCP-PEV
504,Paulo Alexandre Bernardo Fernandes,PPD/PSD
504,José António Duarte Domingues,PS
504,António de José de Jesus Pombo,PTP
505,Luís Filipe Geraldes de Mascarenhas Esteves de Sousa,CDS-PP
505,Jorge Miguel Gregório Azinheiro,I
505,João Fazendas,PCP-PEV
505,António Jorge da Cruz Moreira,PPD/PSD
505,Armindo Moreira da Palma Jacinto,PS
506,António Jorge Mendes Dias,JPP
506,António Trindade dos Santos,PCP-PEV
506,Fernando Marques Jorge,PPD/PSD
507,António das Neves Bento,CDS-PP
507,Ana Paula Cunha Martins Pinto Pires,PCP-PEV
507,Vitor Manuel de Sousa Gabriel,PPD/PSD.MPT
507,António Luís Beites Soares,PS
508,Francisco Ribeiro Delgado,PCP-PEV
508,Jorge Manuel Nogueira Tomé,PPD/PSD
508,João Paulo Lopes Catarino,PS
509,Sara Rita de Oliveira Guerra Pedro de Matos Freitas do Amaral,CDS-PP
509,Luís da Conceição Rodrigues,I
509,Ema Pereira Gomes,PCP-PEV
509,José Farinha Nunes,PPD/PSD
509,Vítor Manuel do Carmo Cavalheiro,PS
510,Carlos António Moutoso Batata,CDS-PP
510,Carlos Manuel Rosa de Almeida,PCP-PEV
510,Ricardo Jorge Martins Aires,PPD/PSD
510,Ana Sofia Rodrigues Pires,PS
511,Gonçalo Rodolfo de Canavarro Arraya Mendes Paulo,CDS-PP
511,António José Ferro Inácio,PCP-PEV
511,Natália Lopes Ramos,PPD/PSD
511,Luís Miguel Ferro Pereira,PS
601,José Tiago Almeida,PCP-PEV
601,Ricardo João Barata Pereira Alves,PPD/PSD
601,Eduardo Miguel Duarte Ventura,PS
602,Maria Olímpia Moreira da Cruz,CDS-PP
602,Maria Teresa de Jesus,PCP-PEV
602,João Carlos Vidaurre Pais de Moura,PPD/PSD
602,Carlos Alberto Castelo-Branco Ordens,PS
603,Luis Nuno Ranito da Costa Providência,CDS-PP
603,José Augusto Moreira Ferreira da Silva,IV
603,Jorge Francisco Alves Vicente de Sousa Guerreiro,PAN
603,Francisco José Pina Queirós,PCP-PEV
603,Rui Lourenço da Cruz,PCTP/MRPP
603,João Paulo Lima Barbosa de Melo,PPD/PSD.PPM.MPT
603,Manuel Augusto Soares Machado,PS
604,Gisela Andreia Ferreira Coelho Martins,B.E.
604,Nuno Filipe Queirós Vicente,CDS-PP
604,António Moreira da Costa Albuquerque,PCP-PEV
604,Joaquim Norberto Cardoso Pires da Silva,PPD/PSD
604,Nuno Miguel Martins Rondão Moita da Costa,PS
605,Jorge Silvério Gomes Martins Monteiro,B.E.
605,António Francisco Gonçalves Soares Baião,PCP-PEV
605,João Manuel da Paz Cardoso,PCTP/MRPP
605,Luis Miguel Pereira de Almeida,PPD/PSD.CDS-PP.PPM.MPT
605,João Albino Rainho Ataíde das Neves,PS
606,Victor Manuel Nogueira Dias,CDS-PP
606,Diamantino Jorge Simões Garcia,IX
606,António Flores Tavares,PCP-PEV
606,Maria de Lurdes de Oliveira Castanheira,PS
607,Ana Filomena Leite Amaral,B.E.
607,Marina Maria Matos dos Santos Quaresma,PCP-PEV
607,Filomena Maria Carvalho Martins Oliveira,PPD/PSD.CDS-PP
607,Luís Miguel Correia Antunes,PS
608,Frutuoso Tomé dos Santos Resende,CDS-PP
608,José Carlos Baptista Garrucho,III
608,Maria Conceição Almeida Clemêncio,PCP-PEV
608,Raul José Rei Soares de Almeida,PPD/PSD
608,João Maria Ribeiro Reigota,PS
609,Júlia Maria Ramos Correia,B.E.
609,Ana Isabel Carvalho Sequeira Grade,PCP-PEV
609,Sérgio Luís Rodrigues Sêco,PPD/PSD.CDS-PP
609,António Miguel Costa Baptista,PS
610,Carlos Alberto de Sousa Mendes,B.E.
610,Elisabete Abreu Marques,MPT
610,Jorge Luís Forte Camarneiro,PCP-PEV
610,Abel da Silva de Oliveira Girão,PPD/PSD.CDS-PP
610,Emílio Augusto Ferreira Torrão,PS
611,José Vasco do Amaral Antunes Lencastre de Campos,CDS-PP
611,João Manuel Fontes Dinis,PCP-PEV
611,Cristina Fernandes Oliveira,PPD/PSD
611,José Carlos Alexandrino Mendes,PS
612,Débora Maria Coimbra dos Santos,PCP-PEV
612,José Alberto Pacheco Brito Dias,PPD/PSD
612,Carlos da Costa Dias Ferrão,PS
613,Álvaro Manuel Bernardes Miranda,PCP-PEV
613,Mauro Daniel Rodrigues Carpinteiro,PPD/PSD.CDS-PP
613,Humberto José Batista Oliveira,PS
614,Marc Raymond Camille Ryon,CDS-PP
614,Maria da Graça Gonçalves Pedrosa de Oliveira,PCP-PEV
614,Luis Filipe da Silva Lourenço Matias,PPD/PSD
614,Eduardo Jorge Mendes Nogueira dos Santos,PS
615,Maria Manuela Lucas de Oliveira Santos,PCP-PEV
615,Carlos Manuel da Silva Páscoa,PPD/PSD.CDS-PP.PPM
615,Mário Jorge da Costa Rodrigues Nunes,PS
615,António Fernando da Silva Centeio,XI
616,José Manuel Ferreira de Oliveira,PCP-PEV
616,Nuno Duarte Abranches Pinto,PPD/PSD.CDS-PP
616,Mário Almeida Loureiro,PS
617,Carlos Manuel Neves da Silva Barbas,CDS-PP
617,Graça Catarina Carvalho Serra Marques dos Santos,PCP-PEV
617,Carlos Manuel Soares Henriques,PPD/PSD
617,João Miguel Sousa Henriques,PS
701,Fábio Manuel Roques Pisco,B.E.
701,João José Martins Nabais,I
701,Mariana Rosa Gomes Chilra,PCP-PEV
701,José Joaquim Cebola Gomes,PPD/PSD
701,Manuel José Veladas Ramalho,PS
702,Francisco Luís Monteiro Barbosa,CDS-PP
702,Sílvia Cristina Tirapicos Pinto,PCP-PEV
702,José Adriano Canoa Valente,PPD/PSD
702,Maria Palmira Lourenço Chaveiro,PS
703,António José Lopes Anselmo,I
703,Joaquim José Serra Silva,PCP-PEV
703,Benjamim António Ferreira Espiguinha,PPD/PSD
703,Jerónimo João Pereira Cavaco,PS
704,Paulo Jorge Pereira da Costa,CDS-PP
704,Luis Filipe Pereira Mourinha,I
704,Luis Manuel Modas Condinho,PCP-PEV
704,Manuel José Broa,PPD/PSD
704,José Alberto Leal Fateixa Palmeiro,PS
705,Maria Helena de Carvalho Governo de Figueiredo,B.E.
705,Carlos Manuel Rodrigues Pinto de Sá,PCP-PEV
705,Helder Aguiar Agostinho das Neves,PPD/PSD.CDS-PP
705,Manuel Francisco Grilo Melgão,PS
706,Vítor Manuel Macedo Bombico Silveira Vicente,CDS-PP
706,Hortênsia dos Anjos Chegado Menino,PCP-PEV
706,Maria de Lurdes Pascoal Reis Vacas de Carvalho,PPD/PSD
706,Olimpio Manuel Vidigal Galvão,PS
707,Luís Simão Duarte de Matos,PCP-PEV
707,Joaquim António Rodrigues de Mira,PPD/PSD.CDS-PP
707,João Filipe Chaveiro Libório,PS
708,Pedro Miguel Pires Dias,PCP-PEV
708,Anabela Ramalho Falcato Caixeiro,PPD/PSD.CDS-PP
708,Maria Clara Pimenta Pinto Martins Safara,PS
709,Maria Luísa Venâncio de Sousa Andrade,CDS-PP.PPD/PSD
709,José Francisco Carriço Sabino,PCP-PEV
709,José Manuel Clemente Grilo,PS
710,António Alberto da Maia Tomaz Coelho da Costa,CDS-PP.PPD/PSD
710,David Manuel Palma Grave,PCP-PEV
710,Luís Fernando Gomes Faleiro,PS
710,António José Rega Matos Recto,VII
711,Aníbal José Almeida Rosado,PCP-PEV
711,Francisco Filipe Sousa Zambujinho,PPD/PSD.CDS-PP
711,José Gabriel Paixão Calixto,PS
712,José Maria Rodrigues Figueira,PCP-PEV
712,Joaquim Manuel Marques Barreto Soeiro,PPD/PSD
712,Luís Carlos Piteira Dias,PS
713,João Luís Batista Penetra,PCP-PEV
713,João de Deus Carapeto Fialho,PPD/PSD
713,Bernardino António Bengalinha Pinto,PS
714,Miguel António Patacão Rodrigues,I
714,Inácio José Ludovico Esperança,JPP
714,Manuel João Fontainhas Condenado,PCP-PEV
714,Paulo José Carrasco Rondão,PPD/PSD.CDS-PP
714,Luís Filipe Braguez Caldeirinha Roma,PS
801,Ricardo Jorge Almeida das Neves,CDS-PP.MPT.PPM
801,Ana Maria Marques Simões Prisca Vidigal da Silva,I
801,Suzel Maria da Conceição Martins Pimenta,PCP-PEV
801,Carlos Eduardo Silva e Sousa,PPD/PSD
801,Fernando José dos Santos Anastácio,PS
802,Maria Luísa Fernandes,PCP-PEV
802,José Carlos da Palma Pereira,PPD/PSD
802,Osvaldo dos Santos Gonçalves,PS
803,Hermann Hans Janssen,PCP-PEV
803,Vitor Manuel da Encarnação Vicente,PPD/PSD
803,José Manuel Velhinho Amarelinho,PS
804,Pedro Fernando Oliveira Tavares,B.E.
804,Manuel das Neves Doutel,CDS-PP
804,João Francisco Valente Lopes Dias,PCP-PEV
804,Francisco Augusto Caimoto Amaral,PPD/PSD
804,Carlos José Muge Nóbrega,PS
805,Vítor Manuel Bexiga Ruivo,B.E.
805,José Adriano Gago Vitorino,I
805,António Manuel Dias Mendonça,PCP-PEV
805,Rogério Conceição Bacalhau Coelho,PPD/PSD.CDS-PP.MPT.PPM
805,Vítor Manuel Maria Parreira da Silva,PPV
805,Paulo Jorge dos Santos Neves,PS
806,Jorge Manuel Albano da Encarnação Ramos,B.E.
806,Joaquim António Barrinhos Andrés,PCP-PEV
806,José Inácio Marques Eduardo,PPD/PSD
806,Francisco José Malveiro Martins,PS
807,Manuela José Goes Ferreira da Silva,B.E.
807,Artur José Gomes Rêgo,CDS-PP.MPT
807,Luís Carlos Carradinha Reis,PCP-PEV
807,Nuno Filipe Carreiro Ferreira Serafim,PPD/PSD
807,Paulo Jorge do Rosário Dias,PPM/PPV/PND
807,Maria Joaquina Baptista Quintans de Matos,PS
807,Luís Manuel da Silva Barroso,XVIII
808,Horácio Filipe Guilherme Ferreira,CDS-PP
808,Adelino José Neto Guerreiro,JPP
808,Joaquim José Rosa Nogueira,PCP-PEV
808,Helder Manuel Faria Martins,PPD/PSD
808,Vitor Manuel Gonçalves Aleixo,PS
809,Carlos Henrique Correia Alves,I
809,José Matias da Conceição Francisco,PCP-PEV
809,Rui Miguel da Silva André,PPD/PSD
809,Maria da Graça Cerro Batalim da Mota,PS
810,Ivo Manuel Neto Madeira Conceição,B.E.
810,Rui Manuel Correia Costa,CDS-PP
810,João Manuel Dias Pereira,I
810,Sebastião Manuel da Quinta Coelho,PCP-PEV
810,António Manuel Ferro Terramoto,PCTP/MRPP
810,Eduardo Manuel da Cruz,PPD/PSD
810,António Miguel Ventura Pina,PS
811,João Manuel Duarte Vasconcelos,B.E.
811,José Pedro da Silva Caçorino,CDS-PP.MPT.PPM
811,Nelson Manuel da Conceição de Freitas,PCP-PEV
811,Pedro Humberto Castelo Terras Xavier,PPD/PSD
811,Isilda Maria Prazeres dos Santos Varges Gomes,PS
812,Cláudia Sofia Valente Brália,CDS-PP
812,Renato Edmundo Proença dos Santos,PCP-PEV
812,Rui Manuel Jacinto Eusébio,PPD/PSD
812,Vítor Manuel Martins Guerreiro,PS
813,Carlos David da Loura Marques,B.E.
813,Rosa Cristina Gonçalves da Palma,PCP-PEV
813,Rogério Santos Pinto,PPD/PSD
813,Fernando José Serpa Cabrita,PS
814,Carlos Manuel Eusébio Lopes,B.E.
814,Miguel Nuno Duarte Barão da Cunha,PCP-PEV
814,José Fernandes Estevens,PPD/PSD.CDS-PP.MPT.PPM
814,Jorge Manuel do Nascimento Botelho,PS
815,José Manuel Pacheco Teixeira Machado,PCP-PEV
815,Gilberto Repolho dos Reis Viegas,PPD/PSD
815,Adelino Augusto da Rocha Soares,PS
816,Mário Fernando Ascenso de Matos,B.E.
816,Maria Luisa Tubal Condessa Doutel,CDS-PP
816,José Estevão Correia da Cruz,PCP-PEV
816,Luis Filipe Soromenho Gomes,PPD/PSD
816,David Matias Murta,PS
901,Joaquim António Marques Bonifácio,I
901,Paulo Jorge Neves Silva,PCP-PEV
901,Fernando Augusto da Costa Pires,PPD/PSD
902,João Luís Gonçalves de Frias Terreiro,PCP-PEV
902,António Baptista Ribeiro,PPD/PSD.CDS-PP
902,Joaquim dos Santos Fernandes,PS
903,José Pedro Branquinho Branco,PCP-PEV
903,Manuel António de Almeida Portugal,PPD/PSD.CDS-PP
903,José Francisco Gomes Monteiro,PS
903,António Carlos da Costa Andrade,PTP
904,Manuel Joaquim de Carvalho Teixeira,PCP-PEV
904,António Edmundo Freire Ribeiro,PPD/PSD
904,Paulo José Gomes Langrouva,PS
905,Cristina Maria Campos Guerra,CDS-PP
905,Joaquim Alberto Santos de Almeida,PCP-PEV
905,João Carlos Paulo Nunes Felicio da Costa,PPD/PSD
905,António Manuel Pina Fonseca,PS
906,Fernanda Maria Silva Bernardo,PCP-PEV
906,Luís Manuel Tadeu Marques,PPD/PSD.CDS-PP
906,Armando José Dos Santos Almeida,PS
907,Marco Alexandre da Silva Loureiro,B.E.
907,Mário Triunfante Martins,PCP-PEV
907,Eduardo Pires do Espírito Santo,PCTP/MRPP
907,Álvaro dos Santos Amaro,PPD/PSD.CDS-PP
907,José Martins Igreja,PS
908,Manuel Abrantes Craveiro Aldeia,PCP-PEV
908,José Manuel Custódia Biscaia,PPD/PSD
908,Esmeraldo Saraiva Neto Carvalhinho,PS
909,António César Valente Figueiredo,CDS-PP
909,Manuel de Jesus Darei Frade,PCP-PEV
909,Paulo Jorge de Lemos Amaral,PPD/PSD
909,José Mário de Lemos Damião,PPM
909,Anselmo Antunes de Sousa,PS
910,Carlos Miguel Saraiva Gonçalves,CDS-PP
910,Joaquim Luís Ferreira,PCP-PEV
910,Rui Manuel Saraiva Ventura,PPD/PSD
910,José Vital Tomé Saraiva,PS
911,Filipe Tomé Pina Monteiro,CDS-PP
911,João Manuel Aristides Duarte,PCP-PEV
911,António dos Santos Robalo,PPD/PSD
911,António José Gonçalves dos Santos Vaz,PS
911,Carlos Alberto Garrido Rito,PTP
912,Margarida Maria da Silva Abrantes Figueiredo,PCP-PEV
912,Albano António Cabral Figueiredo,PPD/PSD.CDS-PP
912,Carlos Filipe Camelo Miranda de Figueiredo,PS
913,João Albino Pereira Mendes,CDS-PP
913,João António da Fonseca Ribeiro,PCP-PEV
913,João António Figueiredo Rodrigues,PPD/PSD
913,Amílcar José Nunes Salvador,PS
914,Marta do Rosário Martins Mendes,PCP-PEV
914,Gustavo de Sousa Duarte,PPD/PSD
914,Fernando Monteiro Girão,PS
1001,Adelino António Moreira Granja,B.E.
1001,Carlos Manuel Bonifácio,CDS-PP
1001,Vanda Maria Furtado Marques,PCP-PEV
1001,João Pedro Soares Quaresma Pais do Amaral,PNR
1001,Paulo Jorge Marques Inácio,PPD/PSD
1001,José António de Sousa Canha,PS
1002,Nelson Paulino da Silva,CDS-PP
1002,José Nunes dos Santos,PCP-PEV
1002,Paulo Tito Delgado Morgado,PPD/PSD
1002,Maria Teodora Freire Gonçalves Cardo,PS
1003,Rafael Caseiro Henriques,CDS-PP
1003,Gonçalo Nuno Almeida Joaquim Duarte da Paz,PCP-PEV
1003,Rui Alexandre Novo e Rocha,PPD/PSD
1003,Teresa de Jesus da Conceição Fernandes,PS
1004,Nuno Ricardo Silva Barraca,CDS-PP
1004,Maria Manuela Almeida Flores Ribeiro,PCP-PEV
1004,Paulo Jorge Frazão Batista dos Santos,PPD/PSD
1004,Carlos Emanuel Oliveira Repolho,PS
1005,Rosa Maria Bastos Gonçalves Guerra,CDS-PP
1005,Maria de los Angeles Vinuesa Peña de Oliveira,PCP-PEV
1005,José Manuel Gonçalves Vieira,PPD/PSD
1005,Luís Alberto Camilo Duarte,PS
1006,Carlos Alberto Sainica Carujo,B.E.
1006,Manuel Fialho Isaac,CDS-PP
1006,Maria Teresa Maio Santos Milhanas Serrenho,I
1006,José Carlos Rebelo Ferreira Faria,PCP-PEV
1006,Fernando Manuel Tinta Ferreira,PPD/PSD
1006,Rui José Antunes da Cunha Simões Correia,PS
1007,António Manuel dos Santos Varanda,CDS-PP
1007,Manuel Lopes da Costa,PCP-PEV
1007,Pedro Manuel Alves da Graça,PPD/PSD
1007,Fernando José Pires Lopes,PS
1007,Miguel José Barjona de Tomaz Henriques,XVII
1008,António da Conceição Zuzarte,CDS-PP
1008,Artur Severino dos Reis do Vale,PCP-PEV
1008,Rui Manuel Almeida e Silva,PPD/PSD
1008,Jorge Manuel Fernandes de Abreu,PS
1009,José Manuel Peixoto Figueira Henriques,B.E.
1009,António Carlos Batista Martinho Gomes,CDS-PP
1009,Anabela Baptista Rodrigues dos Santos,PCP-PEV
1009,Álvaro José Madureira,PPD/PSD
1009,Raul Miguel de Castro,PS
1010,José Joaquim Saraiva Rodrigues,B.E.
1010,Sandra Mónica Cardoso Correia,CDS-PP
1010,Carlos Alberto Fernandes Logrado,I
1010,Aurélio Pedro Monteiro Ferreira,JPP
1010,Vitor Manuel Fernandes Pereira,PCP-PEV
1010,António Manuel Jesus Ferreira dos Santos,PPD/PSD
1010,Álvaro Manuel Marques Pereira,PS
1011,Joaquim Gil Sousa Piló,B.E.
1011,Joel Vieira Vitorino,CDS-PP
1011,António Duarte Salvador,MPT
1011,João Paulo Quinzico Delgado,PCP-PEV
1011,Luís Miguel Rodrigues Sousinha,PPD/PSD
1011,Walter Manuel Cavaleiro Chicharro,PS
1011,Alberto Madaíl da Silva Belo,XII
1011,António Gordinho Trindade,XIX
1012,Carlos Augusto Collaço Pinto Machado,CDS-PP
1012,José Rui Pereira da Silva Raposo,PCP-PEV
1012,Humberto da Silva Marques,PPD/PSD
1012,Bernardo José Fernandes Rodrigues,PS
1013,Rui Baltasar Coelho da Silva Matias,PCP-PEV
1013,Valdemar Gomes Fernandes Alves,PPD/PSD
1013,António da Silva Pena,PS
1014,Paulo Jorge Velho dos Santos Freitas,B.E.
1014,João Nuno Cruz Santos,CDS-PP
1014,António José Ferreira Sousa Correia Santos,PCP-PEV
1014,Luís Lourenço Jorge Ganhão,PPD/PSD
1014,Jorge Manuel Rosendo Gonçalves,PS
1015,José Matias Guardado Rodrigues da Silva,CDS-PP
1015,Fernando Manuel dos Santos Domingues,PCP-PEV
1015,Luís Diogo de Paiva Morão Alves Mateus,PPD/PSD
1015,Adelino Gonçalves Mendes,PS
1016,António José da Silva Alves,CDS-PP
1016,José Carlos Nogueira,PCP-PEV
1016,Carlos Manuel Neto Venda,PPD/PSD
1016,João Salgueiro,PS
1101,João António Silva Hermínio,B.E.
1101,Carlos Manuel de Melo Gomes Areal,PCP-PEV
1101,Nuno Miguel Domingos Coelho,PPD/PSD.CDS-PP.MPT.PPM
1101,Pedro Miguel Ferreira Folgado,PS
1102,Pedro Domingos da Lage Ribeiro Corrêa,CDS-PP
1102,Adelaide Maria Santos Ferreira Henriques,PCP-PEV
1102,Lélio Raimundo Lourenço,PPD/PSD
1102,André Filipe dos Santos Matos Rijo,PS
1103,David José Pinto Mendes,PCP-PEV
1103,António Jorge de Oliveira Lopes,PPD/PSD.CDS-PP.MPT.PPM
1103,Luís Manuel Abreu de Sousa,PS
1104,João Filipe Rafael dos Reis,CDS-PP.MPT.PPM
1104,Brizelinda das Neves Marques,PCP-PEV
1104,José Bernardo Nunes,PPD/PSD
1104,Dinis Acácio Nobre Duarte,PS
1105,Maria Cecília Vicente Duarte Honório,B.E.
1105,Maria Isabel Cabral de Magalhães,I
1105,Clemente Alves,PCP-PEV
1105,Orlando Paulo Ascensão Alves,PCTP/MRPP
1105,Carlos Manuel Lavrador de Jesus Carreiras,PPD/PSD.CDS-PP
1105,José Jorge Moniz Assunção Andrade,PPM/PPV/PND
1105,João Carlos Lombo da Silva Cordeiro,PS
1105,Nuno Ricardo Rodrigues Duarte,PTP
1106,João Fortunato da Cunha Semedo,B.E.
1106,Paulo Alexandre Esteves Borges,PAN
1106,João Manuel Peixoto Ferreira,PCP-PEV
1106,Joana Sofia Pinho Pereira Miranda,PCTP/MRPP
1106,João Carlos Pereira Melo Patrocínio,PNR
1106,Fernando Jorge Loureiro de Reboredo Seara,PPD/PSD.CDS-PP.MPT
1106,Nuno Jorge Lopes Correia da Silva,PPM/PPV/PND
1106,António Costa,PS
1106,Amândio Cerdeira Madaleno,PTP
1107,Jorge Duarte Gonçalves da Costa,B.E.
1107,José Lino Fonseca Ramos,CDS-PP
1107,Bernardino José Torrão Soares,PCP-PEV
1107,Luís Manuel da Silva Patrício,PCTP/MRPP
1107,Leandro Eduardo Simões Pinto do Souto,PNR
1107,Fernando José da Costa,PPD/PSD.MPT.PPM
1107,João Luís Costa Nunes,PS
1107,António Valdimiro Medonça da Conceição,PTP
1108,Hélio Fernando da Costa Antunes Silva,B.E.
1108,Mário Rui Martins do Souto,PCP-PEV
1108,Hernâni Luís Henriques Santos,PPD/PSD.CDS-PP
1108,João Duarte Anastácio de Carvalho,PS
1109,Paulo Frederico Emanuel Alves Fernandes Pardal Morcela,CDS-PP.MPT.PPM
1109,Rogério Monteiro da Costa,PCP-PEV
1109,Helder António Guerra de Sousa Silva,PPD/PSD
1109,Elísio Costa Santos Summavielle,PS
1110,Carlos Fernando de Sousa Gaivoto,B.E.
1110,Paulo Pinto de Carvalho Freitas do Amaral,CDS-PP
1110,Paulo César Sanches Casinhas Da Silva Vistas,I
1110,Paula Inês Alves de Sousa Real,PAN
1110,Daniel dos Reis Branco,PCP-PEV
1110,Joaquim Manuel Ferreira,PCTP/MRPP
1110,Francisco Maria Moita Flores,PPD/PSD
1110,Marcos Sá Rodrigues,PS
1110,Edna Miriam Alves Lopes,PTP
1111,Luís Emídio Lopes Mateus Fazenda,B.E.
1111,Nuno Miguel Peixoto Azevedo,PAN
1111,Pedro Manuel da Costa Ventura,PCP-PEV
1111,António dos Santos Laires,PCTP/MRPP
1111,Nuno Maria de Figueiredo Cabral da Camara Pereira,PND
1111,José Lucena Pinto,PNR
1111,Pedro Augusto Cunha Pinto,PPD/PSD.CDS-PP.MPT
1111,Basílio Adolfo de Mendonça Horta da Franca,PS
1111,Marco Paulo Caldeira de Almeida,VIII
1111,António dos Santos Barbosa de Oliveira,XII
1112,José Alberto Quintino da Silva,PCP-PEV
1112,Joaquim Maria Reis Catarino Biancard Cruz,PPD/PSD.CDS-PP
1112,Pedro Miguel da Silva Coelho dos Santos,PS
1113,Rui Manuel Pinto Ibañez Matoso,B.E.
1113,Luís Carlos de Deus Teixeira Marinho,CDS-PP.MPT.PPM
1113,Sérgio Rodrigo dos Santos Cipriano,PCP-PEV
1113,Hernâni Morato da Costa,PNR
1113,Hugo Miguel Fernandes Martins,PPD/PSD
1113,Carlos Manuel Soares Miguel,PS
1113,Sérgio Paulo Ribeiro Jacinto,V
1114,Mário Luis Valada dos Santos Correia,B.E.
1114,António Ramos,CDS-PP
1114,Nuno Miguel Marques Libório,PCP-PEV
1114,João Manuel Correia Pires de Carvalho,PPD/PSD.MPT.PPM
1114,Alberto Simões Maia Mesquita,PS
1115,António Manuel Candeias Coelho dos Santos,B.E.
1115,Francisco José Santana Nunes dos Santos,PCP-PEV
1115,Elísio Fernando Fadigas Barão,PCTP/MRPP
1115,Carlos Manuel dos Santos Batista da Silva,PPD/PSD.CDS-PP
1115,Carla Maria Nunes Tavares,PS
1115,Rui Manuel Coelho Mendes Gonçalves,PTP
1116,João Cláudio Candeias Fragoso Curvêlo,B.E.
1116,Miguel da Costa Pessoa Xara Brasil,CDS-PP.MPT.PPM
1116,Maria Fernanda dos Santos Mateus,PCP-PEV
1116,Ernesto Ferreira Moreira Reis,PCTP/MRPP
1116,Sandra Cristina de Sequeiros Pereira,PPD/PSD
1116,Susana de Fátima Carvalho Amador,PS
1116,Bruno Filipe da Piedade Veiga,PTP
1201,João Maria Cordeiro Ferreira Roquette,CDS-PP
1201,Romão Buxo da Trindade,PCP-PEV
1201,Joviano Martins Vitorino,PPD/PSD
1201,Francisco António Martins dos Reis,PS
1202,António Jacinto Rebelo Pascoal,PCP-PEV
1202,Fermelinda de Jesus Pombo Carvalho,PPD/PSD
1202,Gil da Conceição Palmeiro Romão,PS
1203,Nuno Paulo Augusto da Silva,PCP-PEV
1203,Luis Filipe Galvão Lourenço de Brito Fouto,PPD/PSD
1203,Rui Manuel Varela Barrento Henriques,PS
1204,Joaquim José Garcia Gordo,B.E.
1204,João Manuel Borrega Burrica,MPT
1204,António João Borrega Gonçalves,PCP-PEV
1204,Arnaldo José Rodrigues Trindade,PPD/PSD
1204,Ricardo Miguel Furtado Pinheiro,PS
1205,Amândio de Alegria Patacas,PCP-PEV
1205,António Manuel das Neves Nobre Pita,PPD/PSD
1205,Tiago Fragosa Malato,PS
1206,João Teresa Ribeiro,PCP-PEV
1206,Ângelo Miguel Guerra Pires Fernandes,PPD/PSD
1206,José Correia da Luz,PS
1207,Francisco Luís Mocinha Castelo,B.E.
1207,Tiago Patricio Monteiro Telo de Abreu,CDS-PP
1207,José Severino Leonardo Batista,PCP-PEV
1207,António Carlos Sequeira da Teodora,PPD/PSD.PPM
1207,Nuno Miguel Fernandes Mocinha,PS
1208,Paula Alexandra dos Santos Almeida,CDS-PP
1208,João Fernando Dias Serra,PCP-PEV
1208,Rogério David Sádio da Silva,PPD/PSD
1208,Mário Nina Nery Rodrigues,PS
1209,Manuel Vicente Mascate Delgado,PCP-PEV
1209,Paulo José Estrela Vitoriano de Matos,PPD/PSD
1209,José Fernando da Silva Pio,PS
1210,Nuno Miguel Serra Pereira,CDS-PP
1210,Susana Glória da Piedade Teixeira,PCP-PEV
1210,Victor Manuel Martins Frutuoso,PPD/PSD
1210,Carlos Manuel Batista Castelinho,PS
1211,Gonçalo Nuno Ribeiro Brandão Amanso Lagem,PCP-PEV
1211,António José Julião da Silva Vieira,PPD/PSD.CDS-PP
1211,Miguel Alexandre Ferreira Rasquinho,PS
1212,Vitor Manuel Tavares Martins,PCP-PEV
1212,José Dinis Moura Semedo,PPD/PSD.CDS-PP
1212,Maria Idalina Alves Trindade,PS
1212,Manuel António Rosmaninho Bichardo,XV
1213,Maria Antónia Gonçalves da Silva Frio,B.E.
1213,Rui Adegas Coelho Lobo Varela,CDS-PP
1213,Vítor Manuel Feliciano Morgado,PCP-PEV
1213,João Nascimento Canas Guerra,PPD/PSD
1213,Hugo Luis Pereira Hilário,PS
1214,José Manuel Semedo Basso,B.E.
1214,Luís Manuel Madeira Pargana,PCP-PEV
1214,António Jaime Correia Azedo,PPD/PSD.CDS-PP
1214,José Manuel Reboredo Pinto Leite,PS
1214,Maria Adelaide Franco Lebreiro de Aguiar Marques Teixeira,X
1215,José Bernardino Rodrigues Pascoal,PCP-PEV
1215,Armando Jorge Mendonça Varela,PPD/PSD
1215,António Dâmaso Alface Carrilho,PS
1301,Maria Elisa de Carvalho Antunes Magalhães,B.E.
1301,Maria de Lurdes Monteiro Ribeiro,PCP-PEV
1301,José Luís Gaspar Jorge,PPD/PSD.CDS-PP
1301,António José Cerqueira Dinis de Mesquita,PS
1301,Pedro Manuel Barros Pereira,XX
1302,José Carlos Póvoas,CDS-PP
1302,Adérito Manuel Vieira,PCP-PEV
1302,Luís Miguel Amaral Sousa,PPD/PSD
1302,José Luís Pereira Carneiro,PS
1303,Sara Cristina Ribeiro de Oliveira,B.E.
1303,Carla Isabel de Vila-Boas Simões Sampaio e Carvalho,CDS-PP
1303,Manuel António Teixeira de Freitas,PCP-PEV
1303,António Teixeira Gomes,PCTP/MRPP
1303,José Inácio Cardoso Ribeiro,PPD/PSD.PPM
1303,Eduardo Alberto Leite Bragança da Cunha,PS
1304,Ana Paula Canotilho de Seixas,B.E.
1304,Joaquim dos Santos Barbosa,PCP-PEV
1304,Maria João de Jesus Araújo Ramos das Neves Marinho,PPD/PSD.CDS-PP
1304,Marco André dos Santos Martins Lopes,PS
1305,António Carlos Valente Machado Vieira,PCP-PEV
1305,Leonel Domingos Reis Vieira da Silva,PPD/PSD.CDS-PP
1305,Pedro Daniel Machado Gomes,PS
1306,Rosa Maria Teixeira da Cruz,B.E.
1306,Ana Virgínia da Costa Pereira,PCP-PEV
1306,António Gonçalves Bragança Fernandes,PPD/PSD.CDS-PP
1306,Ricardo Manuel da Silva Monteiro Bexiga,PS
1307,Artur Elísio de Braga de Melo e Castro,JPP
1307,Avelino Ferreira Torres,III
1307,António Pereira Gomes Varela,PCP-PEV
1307,Manuel Maria Moreira,PPD/PSD
1307,Lino Augusto Tavares Dias,PS
1308,Fernando José Leite de Oliveira Queiroz,B.E.
1308,Manuel Maio Gonçalves da Silva,CDS-PP
1308,Guilherme Manuel Lopes Pinto,I
1308,José Pedro da Silva Rodrigues,PCP-PEV
1308,Pedro José da Vinha Rodrigues Costa,PPD/PSD
1308,António Manuel Gomes Santos Parada,PS
1308,Orlando Manuel Leite Cruz,PTP
1309,Henrique Martins Pacheco,CDS-PP
1309,Nuno Miguel dos Santos Neto,PCP-PEV
1309,Pedro Alexandre Oliveira Cardoso Pinto,PPD/PSD
1309,Humberto Fernando Leão Pacheco de Brito,PS
1309,Floriano de Sousa e Silva,PTP
1310,Ilídio Paulo Ferreira dos Santos,B.E.
1310,António Macedo de Lemos,CDS-PP
1310,Cristiano Manuel Soares Ribeiro,PCP-PEV
1310,Celso Manuel Gomes Ferreira,PPD/PSD
1310,José Alexandre Silva Almeida,PS
1311,João Paulo Correira,B.E.
1311,David Soares Teixeira,PCP-PEV
1311,Antonino Aurélio Vieira de Sousa,PPD/PSD.CDS-PP
1311,André Manuel Loureiro Correia Ferreira,PS
1312,José Borges de Araújo de Moura Soeiro,B.E.
1312,Nuno Magalhães Silva Cardoso,I
1312,Rui de Carvalho de Araújo Moreira,JPP
1312,Pedro Manuel Rodrigues Lopes de Carvalho,PCP-PEV
1312,José Carlos da Silva Santos,PCTP/MRPP
1312,Luís Filipe Menezes Lopes,PPD/PSD.PPM.MPT
1312,Manuel Francisco Pizarro de Sampaio e Castro,PS
1312,José Manuel da Costa Pereira,PTP
1313,Vítor Eduardo Ferreira Pinto,B.E.
1313,António Jorge Quintas Duarte Serrano de Araújo,CDS-PP
1313,José Maria Pedreira Reina,PCP-PEV
1313,António Pedro de Basto e Vasconcelos Ribeiro da Silva,PCTP/MRPP
1313,Aires Henrique do Couto Pereira,PPD/PSD
1313,Elvira Maria Vieira Gonçalves Ferreira,PS
1314,José Eduardo Correia da Graça Martins,CDS-PP
1314,Henrique da Cruz Pinheiro Machado,JPP
1314,Maria Augusta Castro Costa Carvalho Silveira,PCP-PEV
1314,Alírio António de Sousa Canceles,PPD/PSD.PPM
1314,Joaquim Barbosa Ferreira Couto,PS
1315,Eliseu Filipe Pinto Lopes,B.E.
1315,Alexandre Manuel da Silva Teixeira,CDS-PP
1315,Adriano Soares Ribeiro,PCP-PEV
1315,João Paulo Rodrigues Baltazar,PPD/PSD.PPM
1315,José Manuel Pereira Ribeiro,PS
1316,Armando Herculano Lopes Ferreira,B.E.
1316,Artur Sousa do Bonfim,CDS-PP
1316,Fernando Manuel Martins dos Reis,PCP-PEV
1316,José Miguel Dias Paiva e Costa,PPD/PSD.PPM
1316,Maria Elisa de Carvalho Ferraz,PS
1317,António Eduardo Pinto Silvestre dos Santos Pereira,B.E.
1317,Jorge Sarabando Moreira,PCP-PEV
1317,Cristina Alves Valério Máximo,PCTP/MRPP
1317,Carlos Abreu Amorim,PPD/PSD.CDS-PP
1317,Eduardo Vítor de Almeida Rodrigues,PS
1317,Manuel José de Jesus Almeida,PTP
1317,José Guilherme Aguiar,V
1317,Manuel Augusto Vieira Machado,XVI
1318,Gualter Miguel Maia Oliveira da Fonseca Costa,B.E.
1318,Maria da Conceição da Silva Farpa Silva,PCP-PEV
1318,Sérgio Humberto Pereira da Silva,PPD/PSD.CDS-PP
1318,Joana Fernanda Ferreira Lima,PS
1318,Joaquim Martinho de Sousa Azevedo,V
1401,Manuel António Rodrigues Lopes,B.E.
1401,Luís Miguel Baptista de Assunção da Silva Reis,CDS-PP
1401,Avelino Manuel Conceição Manana,PCP-PEV
1401,Elza Rufina Afonso de Jesus Vitório,PPD/PSD
1401,Maria do Céu Oliveira Antunes Albuquerque,PS
1402,Artur Simões Rodrigues,JPP
1402,Carlos Alberto Garrudo Oliveira,PCP-PEV
1402,Susana Maria Martins Epifânio Frazão Aparício,PPD/PSD.CDS-PP
1402,Fernanda Maria Pereira Asseiceira,PS
1403,Sónia Isabel Campos da Silva Colaço,PCP-PEV
1403,Manuel Sebastião Duarte Lopes,PPD/PSD.CDS-PP.MPT
1403,Pedro Miguel César Ribeiro,PS
1403,Rosa Maria Cardoso do Nascimento,V
1403,Nuno Miguel da Silva Pinhão Dâmaso Fazenda,VI
1404,Mário Fernando Atracado Pereira,PCP-PEV
1404,Francisco José Saturnino Cunha,PPD/PSD.MPT
1404,Pedro Miguel Santiago Brás Gaspar,PS
1405,Carlos Manuel da Graça Amaro,CDS-PP
1405,Carlos António Pinto Coutinho,PCP-PEV
1405,José António Salvador Rodrigues da Avó,PPD/PSD
1405,Raimundo José Mateus Rocha,PS
1406,João Manuel Rebelo Alves,B.E.
1406,Manuel Afonso Dias,CDS-PP
1406,José Anselmo Dias Rodrigues,I
1406,Mário Júlio Roque dos Reis,PCP-PEV
1406,Vasco Manuel Figueiredo Florentino,PPD/PSD
1406,Pedro Miguel Magalhães Ribeiro,PS
1407,José das Neves Filipe,B.E.
1407,Francisco Manuel Petisca Matias,PCP-PEV
1407,Aurelina Maria Garrido Conde Andrade Rufino,PPD/PSD.CDS-PP
1407,Paulo Jorge Mira Lucas Cegonho Queimado,PS
1408,Adelino Lourenço Gomes,CDS-PP.MPT
1408,Júlia Maria Gonçalves Lopes de Amorim,PCP-PEV
1408,José Maria Horta Silvares Alves da Luz,PPD/PSD
1408,António Luís Fernandes Mendes,PS
1409,Rafael José Ferreira Gomes,B.E.
1409,Vasques Freitas Gomes,CDS-PP
1409,José Marcelino,PCP-PEV
1409,Liliana Sofia Neves Ferreira dos Santos Pinto,PPD/PSD
1409,Francisco Silvestre de Oliveira,PS
1410,Carlos Manuel Godinho Matias,B.E.
1410,Paulo Jorge Santos Bica,CDS-PP
1410,José David da Silva Ribeiro,PCP-PEV
1410,Maria Isilda Videira Nogueira da Silva Aguincha,PPD/PSD
1410,Jorge Manuel Alves de Faria,PS
1411,Jorge Ponce de Leão de Castro,CDS-PP
1411,António Alves Matos,PCP-PEV
1411,Jacinto Manuel Lopes Cristas Flores,PPD/PSD
1411,António Vicente Martins,PS
1412,José Luís Duarte Vieira,PCP-PEV
1412,José António Godinho Lopes,PPD/PSD.CDS-PP
1412,Rui Manuel Lince Singeis Medinas Duarte,PS
1412,Nair Cristina dos Santos Gonçalves Henriques da Luz,XII
1413,Tiago Manuel Marques Dias e Sá,CDS-PP
1413,Maria Arminda de Jesus Gonçalves dos Santos,PCP-PEV
1413,Vasco António Mendonça Sequeira Estrela,PPD/PSD
1413,Nuno Fernando Bento Neto,PS
1414,Rosa Maria Gomes Pina da Costa,B.E.
1414,Augusto Manuel Gonçalves Figueiredo,PCP-PEV
1414,Isaura Maria Elias Crisóstomo Bernardino Morais,PPD/PSD.CDS-PP
1414,Carlos Alberto da Nazaré Almeida,PS
1414,João Teodoro Miguel,V
1415,Manuel António Marques das Neves,B.E.
1415,Orlando Manuel Ferreira Garcia,PCP-PEV
1415,Francisco Miguel Naia da Cunha Pereira,PPD/PSD.CDS-PP
1415,Hélder Manuel Ramalho de Sousa Esménio,PS
1415,Rui Manuel Silva Moreira,X
1416,Bruno Miguel Gois Carreira,B.E.
1416,Aires Manuel Gaspar Duarte Lopes,CDS-PP
1416,Francisco António Madeira Mendes,JPP
1416,Francisco Miguel Baudoin Madeira Lopes,PCP-PEV
1416,Ricardo Gonçalves Ribeiro Gonçalves,PPD/PSD
1416,Idália Maria Marques Salvador Serrão,PS
1417,Rui Miguel Vermelho Serras,III
1417,Joaquim Jorge Ferreira,PCP-PEV
1417,António Miguel Cabedal Borges,PPD/PSD
1417,Fernando Cascalheira Vasco,PS
1418,Rui Coutinho Rodrigues Marques,B.E.
1418,Ivo Manuel Querido dos Santos,CDS-PP
1418,Pedro Alexandre Ramos Marques,I
1418,Flávio Daniel Gameiro Nunes,MPT
1418,Bruno Vítor Domingos Graça,PCP-PEV
1418,Carlos Manuel de Oliveira Carrão,PPD/PSD
1418,Anabela Gaspar de Freitas,PS
1419,Helena Maria Moura Pinto,B.E.
1419,Susana Maria Domingues Batista,CDS-PP
1419,Carlos Manuel Lopes Tomé,PCP-PEV
1419,Henrique Ferreira Reis,PPD/PSD
1419,Pedro Paulo Ramos Ferreira,PS
1420,Ana Paula Soares Pinto,CDS-PP
1420,Maria José Brito Alves Martinho,PCP-PEV
1420,Luis Manuel dos Santos Valente,PPD/PSD
1420,Fernando Manuel dos Santos Freire,PS
1421,Vítor Manuel de Jesus Frazão,IV
1421,Alexandre Lopes de Castro,PCP-PEV
1421,Luis Miguel Marques Grossinho Coutinho Albuquerque,PPD/PSD.CDS-PP
1421,Paulo Alexandre Homem de Oliveira Fonseca,PS
1501,Ana Maria Caixeirinho Penas,B.E.
1501,Maria Teresa Monteiro Pires de Carvalho de Noronha e Castro,CDS-PP
1501,Vitor Manuel Chaves de Caro Proença,PCP-PEV
1501,Pedro Alexandre Guerreiro Goucha,PPD/PSD
1501,José Manuel Torres Couto,PS
1502,Vasco André Marques Pinto,CDS-PP
1502,Luís Miguel Carraça Franco,PCP-PEV
1502,Maria do Rosário Rodrigues da Costa Prates,PPD/PSD
1502,Maria Teresa Filipe de Moraes Sarmento,PS
1503,Joana Rodrigues Mortágua,B.E.
1503,Fernando Jorge Sousa da Pena,CDS-PP
1503,Sofia Alexandra Loureiro da Silva,PAN
1503,Joaquim Estevão Miguel Judas,PCP-PEV
1503,Domingos António Caeiro Bulhão,PCTP/MRPP
1503,António José Pinho Gaspar Neves,PPD/PSD
1503,Joaquim António da Silva Gomes Barbosa,PS
1503,Rute Mafalda Oliveira Zorrinho Henriques,PTP
1504,Humberto Manuel Coelho Candeias,B.E.
1504,Paulo Daniel da Costa Ferreira,CDS-PP
1504,Carlos Humberto Palácios Pinheiro de Carvalho,PCP-PEV
1504,Joaquim Carlos Salgueiro Martins,PCTP/MRPP
1504,Bruno Jorge Viegas Vitorino,PPD/PSD
1504,Luís Filipe Pimenta Ferreira,PS
1505,Manuel Rodrigues Graça Dias,B.E.
1505,António Figueira Mendes,PCP-PEV
1505,Ricardo Alexandre Manguito Campaniço,PS
1505,António Francisco Palhinhas Candeias,XIII
1505,Aníbal Manuel Guerreiro Cordeiro,XVIII
1506,Joaquim Inácio Raminhos Cabaça,B.E.
1506,João Manuel Sacoto Pereira Neves,CDS-PP
1506,José Carlos Rodrigues de Gouveia,PAN
1506,Rui Manuel Marques Garcia,PCP-PEV
1506,Leonel Eusébio Coelho,PCTP/MRPP
1506,João Paulo de Sousa e Silva Gaspar,PPD/PSD
1506,Manuel Galvoeira Borges,PS
1506,José Manuel da Costa,PTP
1507,Tiago João Lopes Pinheiro,B.E.
1507,Artur Manuel Tormenta de Oliveira,CDS-PP
1507,Carlos Jorge Antunes de Almeida,PCP-PEV
1507,Maria Manuela Ruivo Bailão Parreira,PCTP/MRPP
1507,Maria das Mercês Gomes Borges da Silva Soares,PPD/PSD
1507,Nuno Miguel Caramujo Ribeiro Canta,PS
1508,António Simões de Carvalho Oliveira Santos,B.E.
1508,Álvaro Manuel Balseiro Amaro,PCP-PEV
1508,Paulo Jorge Simões Ribeiro,PPD/PSD.CDS-PP
1508,Maria da Natividade Charneca Coelho,PS
1508,Victor Manuel Oliveira Fernandes,PTP
1509,João Manuel Martins Madeira,B.E.
1509,Mateus d'Assunção Guerreiro,CDS-PP
1509,Álvaro dos Santos Beijinha,PCP-PEV
1509,Paulo Jorge Candeias Parreira Gonçalves Gamito,PPD/PSD
1509,Nuno Manuel Cunha Gomes de Oliveira,PS
1510,Luís Manuel Rendeiro Cordeiro,B.E.
1510,João Carlos Filipe de Noronha Marques de Oliveira,CDS-PP
1510,Joaquim Cesário Cardador dos Santos,PCP-PEV
1510,Carlos Manuel Duarte da Costa Gomes,PCTP/MRPP
1510,Paulo Edson Carvalho Borges da Cunha,PPD/PSD
1510,Samuel Pedro da Silva Cruz,PS
1510,Helena Sofia Santos Silva Henriques,PTP
1511,Adelino Manuel Guimarães Fortunato,B.E.
1511,Carlos Manuel Correia da cunha Sargedas,I
1511,António da Silva Henriques,PAN
1511,Augusto Manuel Neto Carapinha Pólvora,PCP-PEV
1511,Francisco José Pereira Luís,PPD/PSD.CDS-PP
1511,Américo Gegaloto,PS
1512,Mariana Rosa Aiveca,B.E.
1512,Luís Humberto Pacheco Ferreira Teixeira,PAN
1512,Maria das Dores Marques Banheiro Meira,PCP-PEV
1512,Duarte Nuno Vidal Jesuíno,PCTP/MRPP
1512,Luís Filipe Alexandre Rodrigues,PPD/PSD.CDS-PP
1512,João Manuel Teixeira de Assunção Ribeiro,PS
1513,Américo Manuel da Silva Lourenço,CDS-PP
1513,Hélder Alexandre Gil Guerreiro,PCP-PEV
1513,João Miguel da Silva Garganta Custódio,PPD/PSD
1513,Nuno José Gonçalves Mascarenhas,PS
1513,Marisa Filipa Santos Rodrigues dos Santos,XX
1601,Fernando João Fernandes Fonseca,CDS-PP
1601,Emília Fernanda Teixeira de Vasconcelos,PCP-PEV
1601,João Manuel do Amaral Esteves,PPD/PSD
1601,Fernando Pereira Cabodeira,PS
1602,Joaquim Celestino Simões Ribeiro,PCP-PEV
1602,Flamiano Gonçalves Martins,PPD/PSD
1602,Luís Miguel da Silva Mendonça Alves,PS
1603,Horácio dos Santos Lima,PCP-PEV
1603,Manuel Fernandes Ramos dos Santos,PPD/PSD
1603,Manuel Batista Calçada Pombal,PS
1604,Abel Lima Baptista,CDS-PP
1604,Filipe Alexandre Martins Vintém,PCP-PEV
1604,António José Fernandes Barbosa,PPD/PSD
1604,Augusto Henrique de Oliveira Domingues,PS
1605,João Manuel Dias Carvalho,CDS-PP
1605,Celina Araujo de Sousa,PCP-PEV
1605,Décio Brandão Guerreiro,PPD/PSD
1605,Vítor Paulo Gomes Pereira,PS
1606,Augusto Manuel dos Reis Marinho,I
1606,Afonso Manuel Graçoeiro Gonçalves,PCP-PEV
1606,Armindo José Sousa da Silva,PPD/PSD
1606,António Vassalo Abreu,PS
1607,Victor Manuel Alves Mendes,CDS-PP
1607,António Manuel de Rego Lampelo,JPP
1607,João Francisco Soares Pereira Gomes,PCP-PEV
1607,Manuel Pereira da Rocha Barros,PPD/PSD
1607,Jorge Manuel Viana da Silva,PS
1608,Alípio Nunes Vaz de Sousa,PCP-PEV
1608,Jorge Manuel Salgueiro Mendes,PPD/PSD
1608,Diogo Gouveia Pinto Antunes Cabrita,PS
1609,Carlos Nunes de Oliveira Morais Meira,CDS-PP.MPT
1609,Hélder Manuel Amaral de Frias Pena,PAN
1609,Maria Ilda da Costa Figueiredo,PCP-PEV
1609,Maria Hermínia Bacelar Fernandes Antunes,PCTP/MRPP
1609,Eduardo Alexandre Ribeiro Gonçalves Teixeira,PPD/PSD
1609,José Maria da Cunha Costa,PS
1610,João Fernando Brito Nogueira,I
1610,Léli Celsa Romeu Malhão Wolfango,PCP-PEV
1610,Manuel Esteves Marques,PPD/PSD
1610,João Manuel de Sousa Araújo,PS
1701,Carolina Amélia Brites Cerdeiral,CDS-PP
1701,Pedro Carvalho Marques Perry da Câmara,PCP-PEV
1701,Carlos Jorge Vilela da Rocha Magalhães,PPD/PSD
1701,João Manuel Gouveia da Costa,PS
1701,Luís Miguel Gonçalves Rodrigues,V
1702,Francisco Xavier Barreto Pires,PCP-PEV
1702,Fernando Eirão Queiroga,PPD/PSD
1702,Ana Luísa Pires Monteiro,PS
1703,António Manuel dos Santos Ribeiro,CDS-PP
1703,Manuel Justino Matos Cunha,PCP-PEV
1703,António Cândido Monteiro Cabeleira,PPD/PSD
1703,Paula Cristina Barros Teixeira dos Santos,PS
1703,João Carlos Alves Neves,XIII
1704,João Luís Marques Rebelo da Silva,CDS-PP
1704,José Carlos Borges de Sousa,PCP-PEV
1704,Marco António Peres Teixeira da Silva,PPD/PSD
1704,Alberto Monteiro Pereira,PS
1705,Lúcio Manuel Alves Machado,CDS-PP.PPD/PSD
1705,António Joaquim Gonçalves do Souto,PCP-PEV
1705,Alfredo Manuel Dinis da Costa Gonçalves,PCTP/MRPP
1705,Humberto da Costa Cerqueira,PS
1706,Hélder Manuel Barreira de Azevedo,PCP-PEV
1706,José Duarte Crespo Gonçalves,PPD/PSD.CDS-PP
1706,Manuel Orlando Fernandes Alves,PS
1707,Amadeu António Macedo Teixeira Carvalho,CDS-PP
1707,Carlos Manuel de Sousa Araújo,PCP-PEV
1707,Pedro Manuel Alves Barroso Magalhães,PPD/PSD
1707,José Maria Garcia Costa,PS
1708,António Manuel Alves Serafim,PCP-PEV
1708,Nuno Manuel Sousa Pinto de Carvalho Gonçalves,PPD/PSD
1708,Manuel José Ramalho Ramos Paiva,PS
1709,Bráulio Manuel Fernandes Ferreira,CDS-PP
1709,Domingos Lourenço Machado,MPT
1709,Mário Fernando Gomes,PCP-PEV
1709,Amadeu dos Santos Borges,PPD/PSD
1709,Rui Manuel Vaz Alves,PS
1709,José Manuel da Silva Carreira,XVII
1710,Fernando António Ferreira Amaral,PCP-PEV
1710,António Augusto Marques Ferreira de Araújo,PPD/PSD
1710,José Manuel de Carvalho Marques,PS
1711,Roque Filipe Mesquita Brandão,CDS-PP
1711,José Rodrigues Simão,PCP-PEV
1711,Luís Manuel Mota Bastos,PPD/PSD
1711,Luís Reguengo Machado,PS
1712,Manuel Jorge Pinto dos Santos Carvalho,CDS-PP
1712,António Fernando do Nascimento Teixeira,PCP-PEV
1712,Amílcar Rodrigues Alves Castro de Almeida,PPD/PSD
1712,Afonso José de Castro Videira,PS
1713,José Manuel Pereira Dias,CDS-PP
1713,José Luís Teixeira Ferreira,PCP-PEV
1713,António Alberto Pires Aguiar Machado,PPD/PSD
1713,José Carlos Saraiva Rendeiro,PS
1714,Rui Manuel Vítor Cortes,B.E.
1714,Fernando Jorge Rodrigues Pinho,CDS-PP
1714,Júlia Violante de Carvalho Ribeiro Correia,PCP-PEV
1714,António Batista de Carvalho,PPD/PSD
1714,Rui Jorge Cordeiro Gonçalves dos Santos,PS
1801,José Maria Marta da Silva,B.E.
1801,Luís Miguel Pires de Paiva Cardoso Pinto,CDS-PP
1801,Mário Ferreira Carneiro Cireneu,PCP-PEV
1801,João Paulo Soares Carvalho Pereira da Fonseca,PPD/PSD
1801,Américo Teixeira Moreira,PS
1802,Luís Humberto da Costa Fidalgo,CDS-PP
1802,António Luís da Costa Correia,PCP-PEV
1802,Vasco Jorge Matias Antunes De Almeida,PPD/PSD
1802,Rogério Mota Abrantes,PS
1803,Carlos Manuel de Carvalho Rodrigues Costa,CDS-PP
1803,Isabel de Fátima Esteves Moreira Pires Souto,PCP-PEV
1803,Luís Alberto Costa Pinto,PPD/PSD
1803,José Fernando Carneiro Pereira,PS
1804,Avelino António Pacheco Gonçalves,PCP-PEV
1804,Manuel de Vasconcelos Pinheiro,PPD/PSD.CDS-PP
1804,Armando da Silva Mourisco,PS
1805,Vasco João Guedes Silva Ferreira,PCP-PEV
1805,Francisco Manuel Lopes,PPD/PSD.CDS-PP
1805,Manuel António Rebelo Ferreira,PS
1806,António Fernando Albuquerque,PCP-PEV
1806,Aníbal José Carvalho Maltez,PPD/PSD.CDS-PP
1806,João Nuno Ferreira Gonçalves de Azevedo,PS
1807,Augusto Coelho Praça,PCP-PEV
1807,Luís Carlos Pereira da Silva,PPD/PSD.CDS-PP
1807,José Eduardo Lopes Ferreira,PS
1808,Filipe Manuel Ferreira Valente,CDS-PP
1808,Maria Cecília dos Anjos Barbosa,PCP-PEV
1808,José Júlio Henriques Norte,PPD/PSD
1808,João Pedro de Almeida e Sousa Rodrigues da Fonseca,PS
1809,Nuno Alexandre Rodrigues Albuquerque Vaz,PCP-PEV
1809,Isaura Leonor Marques Figueiredo da Silva Pedro,PPD/PSD.CDS-PP
1809,José Manuel Borges da Silva,PS
1810,Mário do Carmo Pereira,B.E.
1810,Nuno Miguel Duarte Martins,PCP-PEV
1810,Luís Manuel Martins de Vasconcelos,PPD/PSD.CDS-PP
1810,Porfirio António de Sousa Carvalho,PS
1811,António Nogueira de Matos Vilarigues,PCP-PEV
1811,Carlos Ferreira dos Santos,PPD/PSD.CDS-PP
1811,Francisco Lopes de Carvalho,PS
1812,José Rosária Chaves,CDS-PP
1812,Maria Cândida Silva Sapo,PCP-PEV
1812,António Carlos Saraiva Esteves de Carvalho,PPD/PSD
1812,Orlando Augusto Timóteo Rodrigues,PS
1813,Casimiro Cerqueira Veloso,MPT
1813,Fernando Alberto Pinto,PCP-PEV
1813,Jaime António Bernardino Alves,PPD/PSD.CDS-PP
1813,Manuel Joaquim Garcez Trindade,PS
1814,Maria Manuela Dias Alves,CDS-PP
1814,Alberto Lopes de Andrade,PCP-PEV
1814,João António de Sousa Pais Lourenço,PPD/PSD
1814,Leonel José Antunes Gouveia,PS
1815,Ana Paula Mafra de Miranda Raposo Chaves de Carvalho,CDS-PP
1815,Manuel António Natário Cordeiro,I
1815,António Luiz Vieira da Silva,PCP-PEV
1815,José António Fontão Tulha,PPD/PSD
1815,João Manuel Mendes de Oliveira,PS
1816,Maria do Carmo Bica,B.E.
1816,José Alberto da Silva Alexandre e Sousa,JPP
1816,Ana Manuela Marques da Costa Gralheiro,PCP-PEV
1816,Adriano de Lima Gouveia Azevedo,PPD/PSD
1816,Vítor Manuel de Almeida Figueiredo,PS
1817,Manuel da Silva de Oliva,CDS-PP
1817,Ângela Maria da Silva Bártolo,PCP-PEV
1817,Alexandre Manuel Mendonça Vaz,PPD/PSD
1817,Nuno Miguel Rocha Bártolo,PS
1818,Nuno Franclim Peixoto Quintais Silva,CDS-PP
1818,Eduardo Paiva Boloto,PCP-PEV
1818,Carlos Silva Santiago,PPD/PSD
1818,Vítor Manuel de Matos Figueiredo,PS
1819,Mário Rui de Sousa Mendes,PCP-PEV
1819,Carlos André Teles Paulo de Carvalho,PPD/PSD.CDS-PP
1819,João Joaquim Saraiva Ribeiro,PS
1820,Rui Bruno Quintela Claro da Fonseca,B.E.
1820,Carlos Alberto Moura Cabral,CDS-PP
1820,João Carlos Portela Cordeiro,PCP-PEV
1820,Valdemar de Carvalho Pereira,PPD/PSD
1820,José António Amaro Nunes,PS
1821,Carlos Manuel Antunes Amaral,CDS-PP
1821,Manuel Jorge Pereira Veiga,PCP-PEV
1821,José António Gomes de Jesus,PPD/PSD
1821,Cílio Pereira Correia,PS
1822,Hugo FIlipe Afonso Trindade,CDS-PP
1822,Manuel Rodrigues,PCP-PEV
1822,Carlos Dias Mota,PPD/PSD
1822,José Morgado Ribeiro,PS
1823,Manuela Maria Coelho Antunes,B.E.
1823,José Hélder do Amaral,CDS-PP
1823,Francisco Manuel de Almeida,PCP-PEV
1823,António Joaquim Almeida Henriques,PPD/PSD
1823,José Adelmo Gouveia Bordalo Junqueiro,PS
1824,Marco Paulo Dominguez Mendonça,B.E.
1824,Paulo Jorge Rodrigues Duarte,CDS-PP
1824,José Carlos Pereirinha Rodrigues,PCP-PEV
1824,Rui Miguel Ladeira Pereira,PPD/PSD
1824,António Menezes de Campos,PS
3101,Martinho Gouveia da Câmara,CDS-PP
3101,José Ferdinando Correia da Costa,PCP-PEV
3101,Carlos Manuel Figueira de Ornelas Teles,PPD/PSD
3101,Maria Patrícia Mendes Sumares Nobrega,PS
3102,José Roberto Ribeiro Rodrigues,CDS-PP
3102,João Isidoro Gonçalves,MPT
3102,Marco António Marques Fernandes,PAN
3102,Alexandre do Carmo da Luz Fernandes,PCP-PEV
3102,Pedro Emanuel Abreu Coelho,PPD/PSD
3102,Amândio Unibaldo Figueira da Silva,PS-PTP-PND-BE
3103,José Manuel de Sousa Rodrigues,CDS-PP
3103,Artur Alberto Fernandes Andrade,PCP-PEV
3103,Bruno Miguel Camacho Pereira,PPD/PSD
3103,Paulo Alexandre Nascimento Cafôfo,PS-BE-PND-MPT-PTP-PAN
3104,Maria Josefina Viveiros Melim,B.E.
3104,José Bruno Gouveia Aveiro,CDS-PP
3104,Carlos Avelino Ferreira Borges,PAN
3104,Marta Sofia Vieira Silva,PCP-PEV
3104,António Luís Gouveia Olim,PPD/PSD
3104,Ricardo Miguel Nunes Franco,PS
3104,António Rosa dos Santos Cartaxo,PTP
3105,Maria Ganança Gomes Garanito,B.E.
3105,José Artur de Freitas Aguiar,CDS-PP
3105,António André Pestana,I
3105,Urãnia Maria Pita Gaspar,PCP-PEV
3105,Rui David Pita Marques Luís,PPD/PSD
3105,Celia Maria da Silva Pecegueiro,PS
3105,José Feliciano Setim Faria,PTP
3106,Nuno Daniel Brazão Drummond,CDS-PP
3106,Maria Rosa De Ponte Luz Alves,PCP-PEV
3106,Edegar Valter Castro Correia,PPD/PSD
3106,João Emanuel Silva Câmara,PS
3107,Carlos Alberto Pereira,B.E.
3107,Rafael João Figueira de Sousa,CDS-PP
3107,Marcelino Vitorino dos Santos Rodrigues,PCP-PEV
3107,Ricardo António Nascimento,PPD/PSD
3107,Alano Aires Santos Gonçalves,PS
3107,Marco Nuno da Luz das Almas,PTP
3108,Filipe Martiniano Martins de Sousa,JPP
3108,Rui Miguel Assunção Guerreiro Rodrigues,PAN
3108,Dírio Leão dos Ramos,PCP-PEV
3108,António Jorge Gomes Baptista,PPD/PSD
3109,Carlos Alberto de Faria,B.E.
3109,Teófilo Alírio Reis Cunha,CDS-PP
3109,Elisa Margarita dos Santos Mendonça,PCP-PEV
3109,Rui Moisés Fernandes de Ascensão,PPD/PSD
3109,Odília Maria Vieira Mendonça,PS
3109,Bruna Sofia Silva Andrade,PTP
3110,Maria Conceição Pereira,B.E.
3110,José António Gonçalves Garçês,I
3110,António Carlos Batista Monteiro,PCP-PEV
3110,Jorge Orlando César de Jesus Romeira,PPD/PSD
3201,João Roberto Oliveira Rodrigues,CDS-PP
3201,Carlos Alberto Vila Verde Ruas,III
3201,Marco Eulógio Gonçalves,PCP-PEV
3201,Nuno Filipe Melim Batista,PPD/PSD
3201,Filipe Emanuel Menezes de Oliveira,PS
3201,Ana Paula Câmara Rodrigues Serra,PTP
4101,Ana Maria Nogueira dos Santos Loura,PCP-PEV
4101,Carlos Henrique Lopes Rodrigues,PPD/PSD
4101,Duarte Manuel Braga Moreira,PS
4201,Roberto Manuel Sousa Oliveira,CDS-PP
4201,Eugénio Cesar Mota Moura,PCP-PEV
4201,José Duarte Barbosa Cabecinha,PPD/PSD
4201,João António Ferreira Ponte,PS
4202,Rogério Cabral de Frias,PPD/PSD
4202,Carlos Alberto Medeiros Mendonça,PS
4203,Jorge Manuel de Morais Kol de Carvalho,B.E.
4203,Pedro Miguel Carvalho Pereira,CDS-PP
4203,Carlos Alberto Gomes Ribeiro,PCP-PEV
4203,José Manuel Cabral Dias Bolieiro,PPD/PSD
4203,José António Vieira da Silva Contente,PS
4204,Delmar Carvalho de Medeiros,PPD/PSD
4204,Carlos Emílio Lopes Machado Ávila,PS
4205,Zuraida Maria de Almeida Soares,B.E.
4205,João Manuel Arruda Gomes,PCP-PEV
4205,Alexandre Branco Gaudêncio,PPD/PSD
4205,Ricardo José Moniz da Silva,PS
4206,Jorge Alberto Bulhões Gago da Câmara,I
4206,Paulo Sérgio Fonte Pinto,PCP-PEV
4206,Rui António Dias da Câmara de Carvalho e Melo,PPD/PSD.PPM
4206,Ricardo Manuel de Amaral Rodrigues,PS
4301,Paulo José Maio Sousa Mendes,B.E.
4301,António Pedro Inocêncio,PCP-PEV
4301,António Lima Cardoso Ventura,PPD/PSD.CDS-PP
4301,José Gabriel do Álamo de Meneses,PS
4302,Ana Cristina Simões de Oliveira,B.E.
4302,Emiliana Leonilde Simões de Oliveira,CDS-PP
4302,António Gabriel Botelho da Fonseca,PCP-PEV
4302,Maria Judite Gomes Parreira,PPD/PSD
4302,Roberto Lúcio Silva Pereira Monteiro,PS
4401,João Manuel de Melo Picanço,I
4401,João Manuel Bettencourt Cunha,PPD/PSD
4401,Manuel Avelar Cunha Santos,PS
4501,Décio Natálio Almada Pereira,I
4501,Aires António Fagundes Reis,PPD/PSD
4501,António Vitorino da Silveira,PS
4502,Luís Virgílio de Sousa da Silveira,CDS-PP
4502,Paulo Alberto Bettencourt da Silveira,PPD/PSD
4502,João Paulo Bettencourt de Oliveira,PS
4601,José Lourenço de Freitas Azevedo,CDS-PP
4601,Cláudio José Gomes Lopes,PPD/PSD
4601,Roberto Manuel Medeiros da Silva,PS
4602,Maria de Lurdes Rodrigues Luís Silva,CDS-PP
4602,Sérgio Manuel Goulart Gonçalves,PCP-PEV
4602,José António Marcos Soares,PPD/PSD
4602,Miguel António Moniz Costa,PS
4603,José Manuel Xavier de Ávila,CDS-PP
4603,Luís Filipe Ramos Macedo da Silva,PPD/PSD
4603,Mark Anthony Silveira,PS
4701,João Ângelo Stattmiller Saldanha Albuquerque Neves,B.E.
4701,Maria do Céu Barroca de Brito,PCP-PEV
4701,Luís Carlos Correia Garcia,PPD/PSD.CDS-PP.PPM
4701,José Leonardo Goulart Silva,PS
4801,Alice Correia Rocha Ramos,PPD/PSD
4801,Luís Carlos Martins Maciel,PS
4802,William Resendes Braga,PPD/PSD.CDS-PP
4802,José Carlos Pimentel Mendes,PS
4901,José Manuel Avelar Nunes,PPD/PSD
4901,José Manuel Alves da Silva,PS
